{
    "fold": [
        1,
        2,
        3,
        4,
        5
    ],
    "train_loss": [
        0.07959822127711301,
        0.07989051936836229,
        0.07972374758604218,
        0.08364386465147895,
        0.07785100871770732
    ],
    "val_loss": [
        0.6313957128326098,
        0.588400788227717,
        0.5631584847304556,
        0.590180734568172,
        0.5579558584425184
    ],
    "accuracy": [
        0.841796875,
        0.8472590042372882,
        0.8485293630826272,
        0.844383110434322,
        0.8333487675107759
    ],
    "iou": [
        [
            0.8289668630072634,
            0.23570843570843572,
            0.3524910794359532
        ],
        [
            0.8353735581430105,
            0.17343873517786562,
            0.37317755919287743
        ],
        [
            0.8366748564525106,
            0.2331890812250333,
            0.36576657431615095
        ],
        [
            0.8329296076506767,
            0.20432414589866316,
            0.34876941738075673
        ],
        [
            0.8192671558447552,
            0.21390290037831022,
            0.35275750577367204
        ]
    ],
    "f1": [
        0.8667004874369295,
        0.8711333981638592,
        0.8721141716214053,
        0.8701991092350378,
        0.8603709325627549
    ]
}