{
    "fold": [
        1,
        2,
        3,
        4,
        5
    ],
    "train_loss": [
        0.197599794209256,
        0.18039475357633528,
        0.18472836352253366,
        0.18218768937607943,
        0.1803396556134951
    ],
    "val_loss": [
        0.38368820149699845,
        0.49895545848210654,
        0.5954633796215056,
        0.5817301635742188,
        0.6239178814589977
    ],
    "accuracy": [
        0.6523023702330508,
        0.6695908368644068,
        0.6387339446504238,
        0.644580905720339,
        0.639947299299569
    ],
    "iou": [
        [
            0.6183122579227367,
            0.10397587057855771,
            0.2323745128210888
        ],
        [
            0.6374069806409556,
            0.08854842897948585,
            0.24474098576073042
        ],
        [
            0.6040368184257233,
            0.0842197214942706,
            0.2297490843492046
        ],
        [
            0.6116753120071472,
            0.09307311709730622,
            0.2210046677039342
        ],
        [
            0.6033711698155529,
            0.09472134365797796,
            0.23329955054199347
        ]
    ],
    "f1": [
        0.723695093851779,
        0.7376313864034467,
        0.7132654836590654,
        0.7197717672934674,
        0.7125028559407591
    ]
}